USE `cmp1611`;

-- Criar os perfis de usuarios
INSERT INTO `TIPO_USUARIO` (`DESCRICAO`) VALUES ('GESTOR');
INSERT INTO `TIPO_USUARIO` (`DESCRICAO`) VALUES ('PASSAGEIRO');

-- Criar os usuarios padrao
INSERT INTO `USUARIO` VALUES ('admin@bus.com', 'admin', SHA2('admin', 512), 1);
INSERT INTO `USUARIO` VALUES ('passageiro@bus.com', 'passageiro', null, 2);

-- criar Pontos para linha 009
INSERT INTO `PONTO` (`NUMERO_PONTO`, `ENDERECO`, `PONTO_REFERENCIA`) VALUES (30095, 'Entrada T. Isidoria, Setor Pedro Ludovido - Goiania', 'Terminal Provisorio');
INSERT INTO `PONTO` (`NUMERO_PONTO`, `ENDERECO`, `PONTO_REFERENCIA`) VALUES (279, 'T 63, Quadra S16 Lote 11, Setor Bela Vista - Goiania', 'D Angelis Moveis');
INSERT INTO `PONTO` (`NUMERO_PONTO`, `ENDERECO`, `PONTO_REFERENCIA`) VALUES (487, 'Avenida 85, Setor Marista - Goiania', 'Goias Esporte Clube');
INSERT INTO `PONTO` (`NUMERO_PONTO`, `ENDERECO`, `PONTO_REFERENCIA`) VALUES (1692, 'Avenida Castelo Branco, Setor Oeste - Goiania', 'Colegio Polivalente Modelo');
INSERT INTO `PONTO` (`NUMERO_PONTO`, `ENDERECO`, `PONTO_REFERENCIA`) VALUES (1061, 'Avenida Castelo Branco, Setor Coimbra - Goiania', 'Hospital Samaritano');
INSERT INTO `PONTO` (`NUMERO_PONTO`, `ENDERECO`, `PONTO_REFERENCIA`) VALUES (31200, 'Entrada Terminal Padre Pelagio, Ipiranga - Goiania', 'Entrada - Av. Bandeirantes');

-- Pontos para linhas 175 
INSERT INTO `PONTO` (`NUMERO_PONTO`, `ENDERECO`, `PONTO_REFERENCIA`) VALUES (30305, 'Terminal Bandeiras, Jardim Europa - Goiania', 'Saida Leste - Av. Alpes');
INSERT INTO `PONTO` (`NUMERO_PONTO`, `ENDERECO`, `PONTO_REFERENCIA`) VALUES (2648, 'Avenida T 63, Quadra 587 Lote 25, Setor Nova Suica - Goiania', 'Renault');
-- * aqui o ponto 487 ja criado
INSERT INTO `PONTO` (`NUMERO_PONTO`, `ENDERECO`, `PONTO_REFERENCIA`) VALUES (494, 'Rua 82 (praca Civica), Quadra F15, Setor Central - Goiania', 'Centro Historico - Entre Ruas 84 E 83');
INSERT INTO `PONTO` (`NUMERO_PONTO`, `ENDERECO`, `PONTO_REFERENCIA`) VALUES (1326, 'Praca Universitaria, Quadra 87 Lote Area, Setor Leste Universitario - Goiania', 'Antropologia Ufg');
INSERT INTO `PONTO` (`NUMERO_PONTO`, `ENDERECO`, `PONTO_REFERENCIA`) VALUES (31502, 'Terminal Praca Da Biblia, No. - Quadra - Lote -, Setor Leste Universitario - Goiania', ' Entrada Leste - Convencional');

-- Criar as linhas 009 e 175
INSERT INTO `LINHA` (`NUMERO_LINHA`, `DESCRICAO`) VALUES (9, '009');
INSERT INTO `LINHA` (`NUMERO_LINHA`, `DESCRICAO`) VALUES (175, '175');

-- Adicionar os pontos a cada linha
INSERT INTO `PONTO_DA_LINHA` (`NUMERO_LINHA`, `NUMERO_PONTO`, `POSICAO_NA_LINHA`) VALUES(9, 30095, 1);
INSERT INTO `PONTO_DA_LINHA` (`NUMERO_LINHA`, `NUMERO_PONTO`, `POSICAO_NA_LINHA`) VALUES(9, 279, 2);
INSERT INTO `PONTO_DA_LINHA` (`NUMERO_LINHA`, `NUMERO_PONTO`, `POSICAO_NA_LINHA`) VALUES(9, 487, 3);
INSERT INTO `PONTO_DA_LINHA` (`NUMERO_LINHA`, `NUMERO_PONTO`, `POSICAO_NA_LINHA`) VALUES(9, 1692, 4);
INSERT INTO `PONTO_DA_LINHA` (`NUMERO_LINHA`, `NUMERO_PONTO`, `POSICAO_NA_LINHA`) VALUES(9, 1061, 5);
INSERT INTO `PONTO_DA_LINHA` (`NUMERO_LINHA`, `NUMERO_PONTO`, `POSICAO_NA_LINHA`) VALUES(9, 31200, 6);

INSERT INTO `PONTO_DA_LINHA` (`NUMERO_LINHA`, `NUMERO_PONTO`, `POSICAO_NA_LINHA`) VALUES(175, 30305, 1);
INSERT INTO `PONTO_DA_LINHA` (`NUMERO_LINHA`, `NUMERO_PONTO`, `POSICAO_NA_LINHA`) VALUES(175, 2648, 2);
INSERT INTO `PONTO_DA_LINHA` (`NUMERO_LINHA`, `NUMERO_PONTO`, `POSICAO_NA_LINHA`) VALUES(175, 487, 3);
INSERT INTO `PONTO_DA_LINHA` (`NUMERO_LINHA`, `NUMERO_PONTO`, `POSICAO_NA_LINHA`) VALUES(175, 494, 4);
INSERT INTO `PONTO_DA_LINHA` (`NUMERO_LINHA`, `NUMERO_PONTO`, `POSICAO_NA_LINHA`) VALUES(175, 1326, 5);
INSERT INTO `PONTO_DA_LINHA` (`NUMERO_LINHA`, `NUMERO_PONTO`, `POSICAO_NA_LINHA`) VALUES(175, 31502, 6);

-- Adicionar adicionar horarios de paradas em cada pontos em cada linha

-- LINHA 009
-- 1° viagem
INSERT INTO `HORARIO` (`NUMERO_LINHA`, `NUMERO_PONTO`, `HORARIO_PARADA`) VALUES(9, 30095, '08:00:00');
INSERT INTO `HORARIO` (`NUMERO_LINHA`, `NUMERO_PONTO`, `HORARIO_PARADA`) VALUES(9, 279, '08:30:00');
INSERT INTO `HORARIO` (`NUMERO_LINHA`, `NUMERO_PONTO`, `HORARIO_PARADA`) VALUES(9, 487, '09:00:00');
INSERT INTO `HORARIO` (`NUMERO_LINHA`, `NUMERO_PONTO`, `HORARIO_PARADA`) VALUES(9, 1692, '09:30:00');
INSERT INTO `HORARIO` (`NUMERO_LINHA`, `NUMERO_PONTO`, `HORARIO_PARADA`) VALUES(9, 1061, '10:00:00');
INSERT INTO `HORARIO` (`NUMERO_LINHA`, `NUMERO_PONTO`, `HORARIO_PARADA`) VALUES(9, 31200, '10:30:00');
-- 2° viagem
INSERT INTO `HORARIO` (`NUMERO_LINHA`, `NUMERO_PONTO`, `HORARIO_PARADA`) VALUES(9, 30095, '11:00:00');
INSERT INTO `HORARIO` (`NUMERO_LINHA`, `NUMERO_PONTO`, `HORARIO_PARADA`) VALUES(9, 279, '11:30:00');
INSERT INTO `HORARIO` (`NUMERO_LINHA`, `NUMERO_PONTO`, `HORARIO_PARADA`) VALUES(9, 487, '12:00:00');
INSERT INTO `HORARIO` (`NUMERO_LINHA`, `NUMERO_PONTO`, `HORARIO_PARADA`) VALUES(9, 1692, '12:30:00');
INSERT INTO `HORARIO` (`NUMERO_LINHA`, `NUMERO_PONTO`, `HORARIO_PARADA`) VALUES(9, 1061, '13:00:00');
INSERT INTO `HORARIO` (`NUMERO_LINHA`, `NUMERO_PONTO`, `HORARIO_PARADA`) VALUES(9, 31200, '13:30:00');
-- 3° viagem
INSERT INTO `HORARIO` (`NUMERO_LINHA`, `NUMERO_PONTO`, `HORARIO_PARADA`) VALUES(9, 30095, '14:00:00');
INSERT INTO `HORARIO` (`NUMERO_LINHA`, `NUMERO_PONTO`, `HORARIO_PARADA`) VALUES(9, 279, '14:30:00');
INSERT INTO `HORARIO` (`NUMERO_LINHA`, `NUMERO_PONTO`, `HORARIO_PARADA`) VALUES(9, 487, '15:00:00');
INSERT INTO `HORARIO` (`NUMERO_LINHA`, `NUMERO_PONTO`, `HORARIO_PARADA`) VALUES(9, 1692, '15:30:00');
INSERT INTO `HORARIO` (`NUMERO_LINHA`, `NUMERO_PONTO`, `HORARIO_PARADA`) VALUES(9, 1061, '16:00:00');
INSERT INTO `HORARIO` (`NUMERO_LINHA`, `NUMERO_PONTO`, `HORARIO_PARADA`) VALUES(9, 31200, '16:30:00');

-- LINHA 175
-- 1° viagem
INSERT INTO `HORARIO` (`NUMERO_LINHA`, `NUMERO_PONTO`, `HORARIO_PARADA`) VALUES(175, 30305, '08:00:00');
INSERT INTO `HORARIO` (`NUMERO_LINHA`, `NUMERO_PONTO`, `HORARIO_PARADA`) VALUES(175, 2648, '08:45:00');
INSERT INTO `HORARIO` (`NUMERO_LINHA`, `NUMERO_PONTO`, `HORARIO_PARADA`) VALUES(175, 487, '09:30:00');
INSERT INTO `HORARIO` (`NUMERO_LINHA`, `NUMERO_PONTO`, `HORARIO_PARADA`) VALUES(175, 494, '10:15:00');
INSERT INTO `HORARIO` (`NUMERO_LINHA`, `NUMERO_PONTO`, `HORARIO_PARADA`) VALUES(175, 1326, '11:00:00');
INSERT INTO `HORARIO` (`NUMERO_LINHA`, `NUMERO_PONTO`, `HORARIO_PARADA`) VALUES(175, 31502, '11:45:00');
-- 2° viagem
INSERT INTO `HORARIO` (`NUMERO_LINHA`, `NUMERO_PONTO`, `HORARIO_PARADA`) VALUES(175, 30305, '12:30:00');
INSERT INTO `HORARIO` (`NUMERO_LINHA`, `NUMERO_PONTO`, `HORARIO_PARADA`) VALUES(175, 2648, '13:15:00');
INSERT INTO `HORARIO` (`NUMERO_LINHA`, `NUMERO_PONTO`, `HORARIO_PARADA`) VALUES(175, 487, '14:00:00');
INSERT INTO `HORARIO` (`NUMERO_LINHA`, `NUMERO_PONTO`, `HORARIO_PARADA`) VALUES(175, 494, '14:45:00');
INSERT INTO `HORARIO` (`NUMERO_LINHA`, `NUMERO_PONTO`, `HORARIO_PARADA`) VALUES(175, 1326, '15:30:00');
INSERT INTO `HORARIO` (`NUMERO_LINHA`, `NUMERO_PONTO`, `HORARIO_PARADA`) VALUES(175, 31502, '16:15:00');
-- 3° viagem
INSERT INTO `HORARIO` (`NUMERO_LINHA`, `NUMERO_PONTO`, `HORARIO_PARADA`) VALUES(175, 30305, '17:00:00');
INSERT INTO `HORARIO` (`NUMERO_LINHA`, `NUMERO_PONTO`, `HORARIO_PARADA`) VALUES(175, 2648, '17:45:00');
INSERT INTO `HORARIO` (`NUMERO_LINHA`, `NUMERO_PONTO`, `HORARIO_PARADA`) VALUES(175, 487, '18:30:00');
INSERT INTO `HORARIO` (`NUMERO_LINHA`, `NUMERO_PONTO`, `HORARIO_PARADA`) VALUES(175, 494, '19:15:00');
INSERT INTO `HORARIO` (`NUMERO_LINHA`, `NUMERO_PONTO`, `HORARIO_PARADA`) VALUES(175, 1326, '20:00:00');
INSERT INTO `HORARIO` (`NUMERO_LINHA`, `NUMERO_PONTO`, `HORARIO_PARADA`) VALUES(175, 31502, '20:45:00');

